{
  "project_info": {
    "project_number": "1025132317141",
    "firebase_url": "https://android-tweets-3b3f9.firebaseio.com",
    "project_id": "android-tweets-3b3f9",
    "storage_bucket": "android-tweets-3b3f9.appspot.com"
  },
  "client": [
    {
      "client_info": {
        "mobilesdk_app_id": "1:1025132317141:android:d68f2257f5725930d5955c",
        "android_client_info": {
          "package_name": "edu.gwu.androidtweetsfall2019"
        }
      },
      "oauth_client": [
        {
          "client_id": "1025132317141-qat3qce8h86g150ni0hbd35ki46tjd7u.apps.googleusercontent.com",
          "client_type": 3
        }
      ],
      "api_key": [
        {
          "current_key": "AIzaSyD150qUsAQYSI8yuFTgIFPmvIjfif1644g"
        }
      ],
      "services": {
        "appinvite_service": {
          "other_platform_oauth_client": [
            {
              "client_id": "1025132317141-qat3qce8h86g150ni0hbd35ki46tjd7u.apps.googleusercontent.com",
              "client_type": 3
            }
          ]
        }
      }
    }
  ],
  "configuration_version": "1"
}